Olay,18002855170,OlayMgmt@gmail.com
Dove,8188320643,Dove@gmail.com
ArmNHamer,18004476666,ArmNHamer@gmail.com
Nivea,9994563214,Nivea@gmail.com
Pantene,18009457768,Pant@gmail.com
RightStuff,18003386827,RightStuff@gmail.com
CruncyhRoll,8189987104,CrunchyRoll@gmail.com
AmiAmi,14243060591,AmiAmi@gmail.com
Funimation,3109888765,FunImation@gmail.com
9Anime,4503324567,9Anime@gmail.com
Alesis,4016585760,Alesis@gmail.com
Yamaha,8668427080,Yamaha@gmail.com
Roland,13238903740,Roland@gmail.com
Korg,16313906800,Korg@gmail.com
Akai,4016584032,Akai@gmail.com
Rayban,8187721353,RayBan@gmail.com
Valentino,3102470103,Valentino@gmail.com
Gucci,8187374200,Gucci@gmail.com
Prada,3102788661,Prada@gmail.com
TomFord,3105505900,TomFord@gmail.com